id;reason;date;state;reportreason
1;mobile Ball Intuitive;2021-09-08T22:21:12;true;Auto
2;Moli√®re reboot;2021-09-09T10:27:29;true;microchip invoice c
3;Open-architected Russie cross-media;2021-09-08T22:51:07;false;transmitting Centre
4;copy withdrawal Sleek;2021-09-09T12:30:38;false;Kroon
5;navigate;2021-09-08T18:49:40;true;e-business Wooden withdrawal
6;capacity toolset Tuna;2021-09-09T00:57:38;true;Toys
7;internet client-server;2021-09-09T03:32:27;true;compelling transmit Unbranded
8;Computer matrices;2021-09-09T08:14:00;true;Beauty value-added JBOD
9;reinvent Agent;2021-09-09T02:35:41;true;web-readiness Grenade
10;Tasty;2021-09-09T09:01:28;false;Baby Beauty Ball
