id;name;ninea;rc;address
1;Joubert;benchmark;Loan payment;transparent des
2;Generic Customizable c;orchid;Handcrafted Metal Berkshire;backing drive Steel
3;Ball Metal Automotive;Mauritanie c e-markets;b standardization;Towels Tuna architecture
4;Pologne;CSS;Computer Hat;Finlande middleware
5;encompassing magnetic Grass-roots;Shoes Investment la;Car;Bacon architectures
6;invoice Borders composite;l'Abbaye;maroon Bolivie;Fantastic AI
7;Azerbaijanian plug-and-play firewall;redundant;structure payment;eco-centric Borders
8;Pants;dynamic indexing RAM;Ruble Gorgeous mobile;Joubert interface
9;Manager;Berkshire Toys;tan;product clicks-and-mortar Handcrafted
10;Haute-Normandie;b Personal a;Soap invoice quantifying;Shoes
